driver_id,park_id,bank_name,account_number,account_holder
f164dd31ef194bba96a14d64327f5053,08e20910d81d42658d4334d3f6d10ac0,BBVA Continental,ACC-000000,Holder f164dd
e29642d899b84a9a8bf804d7e576c35c,962afaa34db6420fb03b7ae464f6a061,BBVA Continental,ACC-000000,Holder e29642
c0a922ad41f84b95930c20f83b3b9f7c,08e20910d81d42658d4334d3f6d10ac0,Banco Pichincha,ACC-000001,Holder c0a922
35a3fb5808764cb79644870550dbbaf9,08e20910d81d42658d4334d3f6d10ac0,Banco Pichincha,ACC-000001,Holder 35a3fb
cbbb766a55fb49468ae5275d10b6712b,f4ac6fdbf26043dfabdd3315bb4d679e,Interbank,ACC-000002,Holder cbbb76
6f99bfef02ba4ad0a5620ba43128ac4d,08e20910d81d42658d4334d3f6d10ac0,Interbank,ACC-000002,Holder 6f99bf
f55d0f9e028e4d4191d08429250fdb01,08e20910d81d42658d4334d3f6d10ac0,BBVA Continental,ACC-000003,Holder f55d0f
3069b4aed67b4678ad0986794097d4f3,08e20910d81d42658d4334d3f6d10ac0,BBVA Continental,ACC-000003,Holder 3069b4
29d7499b16324e9db2db9fc1bcb076ae,08e20910d81d42658d4334d3f6d10ac0,BBVA Continental,ACC-000003,Holder 29d749
b400caf1af6f4bf7b234dc527db5caac,08e20910d81d42658d4334d3f6d10ac0,BBVA Continental,ACC-000003,Holder b400ca
7e47507a183540de84150b2fc7809b22,56e4607dfc354e0a9cde4f0aa7973003,MiBanco,ACC-000004,Holder 7e4750
5813d23d425c4e248f2f04d0ce0741e9,08e20910d81d42658d4334d3f6d10ac0,MiBanco,ACC-000004,Holder 5813d2
1d8330bf6b98403ab39d8598e8e507b9,ef21f793358144f589aabcbeb8bd7d50,Banco Azteca,ACC-000005,Holder 1d8330
d9be0f096ec44167ad3ded9964fe3c78,08e20910d81d42658d4334d3f6d10ac0,Banco Azteca,ACC-000005,Holder d9be0f
16f3b5b41e7f4b6fb72c8d44e95a7047,e081e2df33a74073992c859638bdf683,Banco Azteca,ACC-000005,Holder 16f3b5
4ebe893033c649fdab7d22bd969f1325,08e20910d81d42658d4334d3f6d10ac0,Banco de Credito BCP,ACC-000006,Holder 4ebe89
06f8d0c1a4f1471692cb4262a6d2b0f2,ef21f793358144f589aabcbeb8bd7d50,Banco de Credito BCP,ACC-000006,Holder 06f8d0
5dc21b93f23743dc9b5aec56422637c2,ef21f793358144f589aabcbeb8bd7d50,BBVA Continental,ACC-000007,Holder 5dc21b
a617964558344408b4770acfc30ef98e,08e20910d81d42658d4334d3f6d10ac0,BBVA Continental,ACC-000007,Holder a61796
48a5c159ae31475d812121bee4cfd7ec,f4ac6fdbf26043dfabdd3315bb4d679e,Interbank,ACC-000008,Holder 48a5c1
47cb51e97294447f827f36850fde9380,05b1c831e66f41a9a87f5f3fa0a186ae,Interbank,ACC-000008,Holder 47cb51
df8ac292152c4c569db6625d5e8aaa07,08e20910d81d42658d4334d3f6d10ac0,Interbank,ACC-000008,Holder df8ac2
eb4898e2334e453296c64708cf97adaa,ff424287c4bd4cbba6066962951a121f,Interbank,ACC-000008,Holder eb4898
e0a48586a84b42b1a85f8972c4c57223,962afaa34db6420fb03b7ae464f6a061,Banco Azteca,ACC-000009,Holder e0a485
365537f483764baba9065cb469c540ca,ef21f793358144f589aabcbeb8bd7d50,Banco Azteca,ACC-000009,Holder 365537
101ffffb5eb0478080f48959016ae124,e3e07c00ed914f82a59c03283a178d6e,MiBanco,ACC-000010,Holder 101fff
f626dd09e68846dd9c0dabc8b461181a,851e30755bba4d298e2e837f571b4ab8,MiBanco,ACC-000010,Holder f626dd
5564844b47904f1a81b21aa22bcba936,08e20910d81d42658d4334d3f6d10ac0,MiBanco,ACC-000011,Holder 556484
6823f3dcda504117bfb465ac809d0603,05b1c831e66f41a9a87f5f3fa0a186ae,MiBanco,ACC-000011,Holder 6823f3
9bbf935699d04c3394015f8f5c9391d0,08e20910d81d42658d4334d3f6d10ac0,MiBanco,ACC-000011,Holder 9bbf93
2bedb8cd7a074eb48290c313b0bd5782,08e20910d81d42658d4334d3f6d10ac0,Interbank,ACC-000012,Holder 2bedb8
74fcf5f4bec64efea92003e9da4db51b,962afaa34db6420fb03b7ae464f6a061,Interbank,ACC-000012,Holder 74fcf5
c2410345450c4353801945440d03bd0a,ef21f793358144f589aabcbeb8bd7d50,Interbank,ACC-000012,Holder c24103
4965c8602a4c44248513dd3a5b7e5e6b,08e20910d81d42658d4334d3f6d10ac0,Banco Azteca,ACC-000013,Holder 4965c8
993de88013714a9b89d7d2364460eb6f,05b1c831e66f41a9a87f5f3fa0a186ae,Banco Azteca,ACC-000013,Holder 993de8
0bcfc293296a4b20969f2699024ba19f,962afaa34db6420fb03b7ae464f6a061,Banco Azteca,ACC-000013,Holder 0bcfc2
04ddef11d89e49b1b332275e2cde5e0c,08e20910d81d42658d4334d3f6d10ac0,Banco de Credito BCP,ACC-000014,Holder 04ddef
09ed81f7264643cdbad35a07b9b52d05,08e20910d81d42658d4334d3f6d10ac0,Banco de Credito BCP,ACC-000014,Holder 09ed81
90bd4467ae864ef9abd1bf2c17a01d96,08e20910d81d42658d4334d3f6d10ac0,Banco Falabella,ACC-000100,Holder 90bd44
140d390c80a24ed79a3005e1e37634c2,08e20910d81d42658d4334d3f6d10ac0,Banco GNB,ACC-000101,Holder 140d39
efd4a00ca51c4da99adde8b658c31b3f,08e20910d81d42658d4334d3f6d10ac0,Banco Pichincha,ACC-000102,Holder efd4a0
25bc15bd9fc74f85b5bdef0875f269b8,ff424287c4bd4cbba6066962951a121f,Scotiabank Peru,ACC-000103,Holder 25bc15
f8717274e02644a9b8c8a190a176b3d9,08e20910d81d42658d4334d3f6d10ac0,Interbank,ACC-000104,Holder f87172
eeb94b7665204078948e02669d9e1d38,05b1c831e66f41a9a87f5f3fa0a186ae,Banco GNB,ACC-000105,Holder eeb94b
3873467a5ff64482837d09e878309fe7,08e20910d81d42658d4334d3f6d10ac0,BBVA Continental,ACC-000106,Holder 387346
755934589a72413e897cfca074cc3c98,08e20910d81d42658d4334d3f6d10ac0,BBVA Continental,ACC-000107,Holder 755934
4ba770d9629940f1ba0df0a4e60c1963,08e20910d81d42658d4334d3f6d10ac0,Banco Falabella,ACC-000108,Holder 4ba770
14bca492e409494c833c4c21810b3e25,08e20910d81d42658d4334d3f6d10ac0,BBVA Continental,ACC-000109,Holder 14bca4
54b22d66cd234801b0ae22824344c0ab,08e20910d81d42658d4334d3f6d10ac0,Banco GNB,ACC-000110,Holder 54b22d
0f26566d22ec41b58f7303f417ebacd1,08e20910d81d42658d4334d3f6d10ac0,Banco GNB,ACC-000111,Holder 0f2656
7fc08add8e114faeb3f7802f4c0c505b,05b1c831e66f41a9a87f5f3fa0a186ae,Banco Azteca,ACC-000112,Holder 7fc08a
2e76099221864b99bf5e2216c8ca9136,08e20910d81d42658d4334d3f6d10ac0,Banco Pichincha,ACC-000113,Holder 2e7609
9ca74724fec84433bb7815821f0051cb,bed8509b67514379866e2907d72902a3,Banco de Credito BCP,ACC-000114,Holder 9ca747
6f22e8a8cc894f24863e76bcdf823356,ff424287c4bd4cbba6066962951a121f,Banco Ripley,ACC-000115,Holder 6f22e8
d978c0b6a9c54ae193af935b1f9dbe6d,08e20910d81d42658d4334d3f6d10ac0,MiBanco,ACC-000116,Holder d978c0
bf83a865ba214d3bb3e1ebfed1062182,05b1c831e66f41a9a87f5f3fa0a186ae,BBVA Continental,ACC-000117,Holder bf83a8
7a5f6371b0894c7fa7eabe2397ee6fcc,08e20910d81d42658d4334d3f6d10ac0,Banco Falabella,ACC-000118,Holder 7a5f63
50be20101f714b54885faa4ca59a10ea,08e20910d81d42658d4334d3f6d10ac0,BBVA Continental,ACC-000119,Holder 50be20
cd32fe0d73cd49efb0ae862c233c249f,ef21f793358144f589aabcbeb8bd7d50,MiBanco,ACC-000120,Holder cd32fe
d3efd83bd52c4e7aba6a3b95e479f7aa,851e30755bba4d298e2e837f571b4ab8,Banco Pichincha,ACC-000121,Holder d3efd8
00efce55653e4706b6f8e6348d70efa7,08e20910d81d42658d4334d3f6d10ac0,Banco Azteca,ACC-000122,Holder 00efce
76783e2092ad4eca84eb024deb238db1,08e20910d81d42658d4334d3f6d10ac0,Banco GNB,ACC-000123,Holder 76783e
2f08a026ed37408e8dac8b526cd575b8,ef21f793358144f589aabcbeb8bd7d50,Banco Azteca,ACC-000124,Holder 2f08a0
dc5e65267e4f40729d4beb8efab20c4d,851e30755bba4d298e2e837f571b4ab8,Interbank,ACC-000125,Holder dc5e65
cb5efbe781cc479bb4801cad74f66e0a,05b1c831e66f41a9a87f5f3fa0a186ae,BBVA Continental,ACC-000126,Holder cb5efb
a49bc8fb0cbc4554bf52d7f8237a4a03,08e20910d81d42658d4334d3f6d10ac0,Banco de Credito BCP,ACC-000127,Holder a49bc8
333893b737bb4ee794df6e61b1f390d5,08e20910d81d42658d4334d3f6d10ac0,Interbank,ACC-000128,Holder 333893
99152a7bf1204ceb98110ee568d944a5,05b1c831e66f41a9a87f5f3fa0a186ae,Banco Pichincha,ACC-000129,Holder 99152a
be6321a0e5334438bee26f1c04aaca06,05b1c831e66f41a9a87f5f3fa0a186ae,BBVA Continental,ACC-000130,Holder be6321
6b072adc557d4de1b3b5138028779440,05b1c831e66f41a9a87f5f3fa0a186ae,Interbank,ACC-000131,Holder 6b072a
f8ee1bbfd6a045878a40286d1f24f0ae,e3e07c00ed914f82a59c03283a178d6e,BBVA Continental,ACC-000132,Holder f8ee1b
216697fc7b5f4cb4899e7dc3ca5f037b,08e20910d81d42658d4334d3f6d10ac0,Banco Falabella,ACC-000133,Holder 216697
e44bef4adecd4a2890e5c6951d7cf6dd,56e4607dfc354e0a9cde4f0aa7973003,Banco Pichincha,ACC-000134,Holder e44bef
e5a620ea0d024d5c8e48d48763d7000a,08e20910d81d42658d4334d3f6d10ac0,Banco Ripley,ACC-000135,Holder e5a620
1ef254468d0c4dd0a2e09c2f88c31240,08e20910d81d42658d4334d3f6d10ac0,Banco GNB,ACC-000136,Holder 1ef254
d110d459b7314024bc4ac44a8ca6294c,05b1c831e66f41a9a87f5f3fa0a186ae,Scotiabank Peru,ACC-000137,Holder d110d4
cc2d4876e95147e88b59e1c786683dac,08e20910d81d42658d4334d3f6d10ac0,Banco GNB,ACC-000138,Holder cc2d48
506f5b589e4f4e1589966db4aadf261c,05b1c831e66f41a9a87f5f3fa0a186ae,Banco GNB,ACC-000139,Holder 506f5b
8214cb12f43c49dea59acd170dae89a1,05b1c831e66f41a9a87f5f3fa0a186ae,Interbank,ACC-000140,Holder 8214cb
e4592094bae24bf39f6a55f6d8ce7797,e3e07c00ed914f82a59c03283a178d6e,Banco Pichincha,ACC-000141,Holder e45920
4f3d0fb63c8d49f5a9ce991f16fa5a94,08e20910d81d42658d4334d3f6d10ac0,BBVA Continental,ACC-000142,Holder 4f3d0f
6f31d7ebca7a4f319a9687c8b0c6967a,05b1c831e66f41a9a87f5f3fa0a186ae,Banco Azteca,ACC-000143,Holder 6f31d7
214fe3877a3f452a9e188c63fb53d2c2,08e20910d81d42658d4334d3f6d10ac0,Scotiabank Peru,ACC-000144,Holder 214fe3
5dfc9d6d36a842f3a09da1356e9ea967,08e20910d81d42658d4334d3f6d10ac0,MiBanco,ACC-000145,Holder 5dfc9d
f40960f9d3094146ae991ce94885951d,851e30755bba4d298e2e837f571b4ab8,Interbank,ACC-000146,Holder f40960
9b7f1a206b1349169d8c8245daa66d5c,08e20910d81d42658d4334d3f6d10ac0,Scotiabank Peru,ACC-000147,Holder 9b7f1a
d730bde215e34a6591964993db274294,08e20910d81d42658d4334d3f6d10ac0,Banco Ripley,ACC-000148,Holder d730bd
869dc9e027c84e6e8f680f9048e5012d,e3e07c00ed914f82a59c03283a178d6e,Banco Falabella,ACC-000149,Holder 869dc9
8fb7051da4864a22972b445fbabb62d6,08e20910d81d42658d4334d3f6d10ac0,Banco Pichincha,ACC-000150,Holder 8fb705
0ee71500bdba458a89597dd97c91f886,08e20910d81d42658d4334d3f6d10ac0,MiBanco,ACC-000151,Holder 0ee715
a4ee6c8ef4b443e594fcfbc7537fd254,08e20910d81d42658d4334d3f6d10ac0,Interbank,ACC-000152,Holder a4ee6c
90ca83ca0bc4440788ad79a09368c2e0,05b1c831e66f41a9a87f5f3fa0a186ae,Banco GNB,ACC-000153,Holder 90ca83
1c3ca23a6d284421a8229874f6c73e5b,ef21f793358144f589aabcbeb8bd7d50,Banco de Credito BCP,ACC-000154,Holder 1c3ca2
325e96147486420eaca73df9299aca9c,08e20910d81d42658d4334d3f6d10ac0,Interbank,ACC-000155,Holder 325e96
b7cecb0d4f4040fd9a5e73f2f3142956,08e20910d81d42658d4334d3f6d10ac0,Banco de Credito BCP,ACC-000156,Holder b7cecb
96f7c040381e41f3b7710cd1134f7fe6,05b1c831e66f41a9a87f5f3fa0a186ae,Banco GNB,ACC-000157,Holder 96f7c0
7aa8e84cfcdc4deea165cac54acce665,56e4607dfc354e0a9cde4f0aa7973003,Banco Falabella,ACC-000158,Holder 7aa8e8
dd8a8f97ac9d498bad8b2d025e3af221,ff424287c4bd4cbba6066962951a121f,Banco Pichincha,ACC-000159,Holder dd8a8f
4c42915d93864e60af1d55eb8c91995c,08e20910d81d42658d4334d3f6d10ac0,BBVA Continental,ACC-000160,Holder 4c4291
631fb3fb3f8b4d088a993c50cac394e2,08e20910d81d42658d4334d3f6d10ac0,Interbank,ACC-000161,Holder 631fb3
499b2d2f4df54cf1a0406526796c31fc,08e20910d81d42658d4334d3f6d10ac0,Banco Azteca,ACC-000162,Holder 499b2d
b037e24955904779b02ddc85d24a3dc3,05b1c831e66f41a9a87f5f3fa0a186ae,Banco GNB,ACC-000163,Holder b037e2
e1a6e279588343e1b8c70a89661f6532,08e20910d81d42658d4334d3f6d10ac0,Interbank,ACC-000164,Holder e1a6e2
f496849fdaee4dbca80155cbc9cc5e58,e081e2df33a74073992c859638bdf683,Banco Ripley,ACC-000165,Holder f49684
7976dd7abcde495aa62a35ffb7131f8a,962afaa34db6420fb03b7ae464f6a061,Banco Falabella,ACC-000166,Holder 7976dd
51d087ace06348a68f56d0e8f50c4aaf,08e20910d81d42658d4334d3f6d10ac0,Banco Ripley,ACC-000167,Holder 51d087
290edffd46704aafa664d4eaf775a9c9,56e4607dfc354e0a9cde4f0aa7973003,Scotiabank Peru,ACC-000168,Holder 290edf
52acf924ac3b4a619e5f8c591086b5cd,ff424287c4bd4cbba6066962951a121f,Banco Pichincha,ACC-000169,Holder 52acf9
1246be62ab1748b5bf18fbc3217aa9bf,962afaa34db6420fb03b7ae464f6a061,Scotiabank Peru,ACC-000170,Holder 1246be
6ac4e708f2844cf39e7e4fce929189af,08e20910d81d42658d4334d3f6d10ac0,Interbank,ACC-000171,Holder 6ac4e7
4dc6a26c6e074e6da1e9b194efa8b8c6,8d3b13bd6e584a3c98c3a9d9825cf7d2,MiBanco,ACC-000172,Holder 4dc6a2
ced4772ee3c94d029f9afa578131f1c6,ef21f793358144f589aabcbeb8bd7d50,MiBanco,ACC-000173,Holder ced477
e211e75e1ce64e2697fe73b00eb13165,ef21f793358144f589aabcbeb8bd7d50,Banco Pichincha,ACC-000174,Holder e211e7
91dd6019afd843d49e176b8887797e97,05b1c831e66f41a9a87f5f3fa0a186ae,Banco Azteca,ACC-000175,Holder 91dd60
b8b7a3aa5cbd4faf9f9d253722167fd5,08e20910d81d42658d4334d3f6d10ac0,Banco Falabella,ACC-000176,Holder b8b7a3
bf0b781e4f03427d970793f1c92717e4,05b1c831e66f41a9a87f5f3fa0a186ae,Banco Azteca,ACC-000177,Holder bf0b78
9eb1e13447de4e3390459abf183f1382,08e20910d81d42658d4334d3f6d10ac0,Banco Falabella,ACC-000178,Holder 9eb1e1
41d0a3723598492b837d33c7bd32b5f3,05b1c831e66f41a9a87f5f3fa0a186ae,Banco GNB,ACC-000179,Holder 41d0a3
14e1caa4f2d044eeb8408bc9b666784c,05b1c831e66f41a9a87f5f3fa0a186ae,Interbank,ACC-000180,Holder 14e1ca
22477a2e8a444680911790680344e5a9,08e20910d81d42658d4334d3f6d10ac0,Scotiabank Peru,ACC-000181,Holder 22477a
26e51dce653e40278a668a84674cb3fe,08e20910d81d42658d4334d3f6d10ac0,MiBanco,ACC-000182,Holder 26e51d
74053a6da7654c2b85e8ad03ced72d30,05b1c831e66f41a9a87f5f3fa0a186ae,Banco Ripley,ACC-000183,Holder 74053a
024beaa9eb6a4cebb43f272ca8ac4b52,08e20910d81d42658d4334d3f6d10ac0,BBVA Continental,ACC-000184,Holder 024bea
0f1e16de91d84de097f02d0ec552cf62,08e20910d81d42658d4334d3f6d10ac0,Banco de Credito BCP,ACC-000185,Holder 0f1e16
1eb5d368391f4a3a9c872046dee56cf8,08e20910d81d42658d4334d3f6d10ac0,BBVA Continental,ACC-000186,Holder 1eb5d3
2d5c388d019d442d868a8eab022883aa,c054c8b5dfe14e75b882943b2a252706,Scotiabank Peru,ACC-000187,Holder 2d5c38
100e5ea6b47f4bd9a9d1afa7a2f0547f,e081e2df33a74073992c859638bdf683,Scotiabank Peru,ACC-000188,Holder 100e5e
16cf62a386ff4fe39c4e28f24b4f17fd,08e20910d81d42658d4334d3f6d10ac0,Banco Falabella,ACC-000189,Holder 16cf62
ed414fcad9a648a7af222b45801f2641,05b1c831e66f41a9a87f5f3fa0a186ae,Banco Azteca,ACC-000190,Holder ed414f
d74a2a14982646499cce9e4163c36cae,08e20910d81d42658d4334d3f6d10ac0,BBVA Continental,ACC-000191,Holder d74a2a
16cced060b01423786ba7a59b7426672,ef21f793358144f589aabcbeb8bd7d50,Banco Falabella,ACC-000192,Holder 16cced
6f80c330404a41218a95741123f95aaa,05b1c831e66f41a9a87f5f3fa0a186ae,Banco Falabella,ACC-000193,Holder 6f80c3
fd0a356d029f4a108469f23522b762d8,08e20910d81d42658d4334d3f6d10ac0,Banco Azteca,ACC-000194,Holder fd0a35
e03978626fc84b548fe25c53e6ddcf75,08e20910d81d42658d4334d3f6d10ac0,Banco Ripley,ACC-000195,Holder e03978
9d05638545644b98a39ea9189673acea,05b1c831e66f41a9a87f5f3fa0a186ae,MiBanco,ACC-000196,Holder 9d0563
7374fdd356c541fd9eac99d0707e84e6,05b1c831e66f41a9a87f5f3fa0a186ae,Banco Pichincha,ACC-000197,Holder 7374fd
14f58f7c65974a8b9aa708d1f67356e8,08e20910d81d42658d4334d3f6d10ac0,MiBanco,ACC-000198,Holder 14f58f
fbcf33dff946497a91d2a6b4f672e9b0,08e20910d81d42658d4334d3f6d10ac0,Banco de Credito BCP,ACC-000199,Holder fbcf33
3d2cb0b4436746368cc2fbe1d42c9da2,08e20910d81d42658d4334d3f6d10ac0,BBVA Continental,ACC-000200,Holder 3d2cb0
b6a685055b1b4e4298f3ad05f4c4dcb1,08e20910d81d42658d4334d3f6d10ac0,MiBanco,ACC-000201,Holder b6a685
859cce15115c4e388410cb1edae8cd2c,08e20910d81d42658d4334d3f6d10ac0,Banco Pichincha,ACC-000202,Holder 859cce
fc3e9beb72d14ad0a72a3fb470f96eb3,08e20910d81d42658d4334d3f6d10ac0,Banco GNB,ACC-000203,Holder fc3e9b
6d5f2d7e19a74dc1b51d79999cc73699,08e20910d81d42658d4334d3f6d10ac0,BBVA Continental,ACC-000204,Holder 6d5f2d
9f6971113ece4de88e3d9f9b942eb08d,08e20910d81d42658d4334d3f6d10ac0,Banco Pichincha,ACC-000205,Holder 9f6971
d659d01907ca4a9893ea1f0a546b09f1,851e30755bba4d298e2e837f571b4ab8,Banco Falabella,ACC-000206,Holder d659d0
58255e3a09684199a1525d9e446e133d,05b1c831e66f41a9a87f5f3fa0a186ae,Scotiabank Peru,ACC-000207,Holder 58255e
12d9c65c7129422f919a2854e287e09f,05b1c831e66f41a9a87f5f3fa0a186ae,Banco Ripley,ACC-000208,Holder 12d9c6
ebe79e47b8d247828fa4860d69b5c072,08e20910d81d42658d4334d3f6d10ac0,Banco de Credito BCP,ACC-000209,Holder ebe79e
cf6069d03fef48d18a41c26cad4ba2b8,08e20910d81d42658d4334d3f6d10ac0,Banco Pichincha,ACC-000210,Holder cf6069
c64306fe5509433bb84641b34882bf41,05b1c831e66f41a9a87f5f3fa0a186ae,MiBanco,ACC-000211,Holder c64306
14145bef99324b6eb68c270dbffef43b,08e20910d81d42658d4334d3f6d10ac0,Scotiabank Peru,ACC-000212,Holder 14145b
7eb79afa683f422ab0349a493af531d7,08e20910d81d42658d4334d3f6d10ac0,MiBanco,ACC-000213,Holder 7eb79a
2304e52501e542378e42154c786f513b,08e20910d81d42658d4334d3f6d10ac0,BBVA Continental,ACC-000214,Holder 2304e5
d136d431197f4215ac29474bc1c14091,05b1c831e66f41a9a87f5f3fa0a186ae,Banco Pichincha,ACC-000215,Holder d136d4
43b5f52df61040f6b935a658d82a2131,962afaa34db6420fb03b7ae464f6a061,MiBanco,ACC-000216,Holder 43b5f5
7df112cd338f4a078de77943332edac4,05b1c831e66f41a9a87f5f3fa0a186ae,Banco Azteca,ACC-000217,Holder 7df112
a9d57db2aeac480bbdf692177874b515,08e20910d81d42658d4334d3f6d10ac0,Interbank,ACC-000218,Holder a9d57d
ff04a39ccaf941e98c1a8ba6e98c91f3,08e20910d81d42658d4334d3f6d10ac0,Scotiabank Peru,ACC-000219,Holder ff04a3
93219be1981c4e4abeeca28f220c1c84,bed8509b67514379866e2907d72902a3,Banco GNB,ACC-000220,Holder 93219b
b3d3ee6a48604b13aff5a071d7ded62a,05b1c831e66f41a9a87f5f3fa0a186ae,Scotiabank Peru,ACC-000221,Holder b3d3ee
e7cd3e1f3e0e4d43854972a71513d015,05b1c831e66f41a9a87f5f3fa0a186ae,MiBanco,ACC-000222,Holder e7cd3e
d0a8399a5df3401e9fda254771a813e1,08e20910d81d42658d4334d3f6d10ac0,MiBanco,ACC-000223,Holder d0a839
da041407c6f940d78856c2cd8cdb3c60,08e20910d81d42658d4334d3f6d10ac0,Banco de Credito BCP,ACC-000224,Holder da0414
48d5c879ae68436fa2ebd6ffcb8f49fb,08e20910d81d42658d4334d3f6d10ac0,Banco Azteca,ACC-000225,Holder 48d5c8
de991cbc991d45df846f2ebe3447d78a,08e20910d81d42658d4334d3f6d10ac0,Banco GNB,ACC-000226,Holder de991c
81b62189e2a04009a360394ee99bbf7d,08e20910d81d42658d4334d3f6d10ac0,Banco Ripley,ACC-000227,Holder 81b621
a26558159965408d94b79dc8075c4759,05b1c831e66f41a9a87f5f3fa0a186ae,Banco de Credito BCP,ACC-000228,Holder a26558
1a35089d5bf44cb4bf454db5ef418e16,08e20910d81d42658d4334d3f6d10ac0,BBVA Continental,ACC-000229,Holder 1a3508
75949cc6cfa0407c863d815c55fa2bee,851e30755bba4d298e2e837f571b4ab8,Banco GNB,ACC-000230,Holder 75949c
a7442703a2014b8294a0e62c0d1d3cd5,08e20910d81d42658d4334d3f6d10ac0,Banco Pichincha,ACC-000231,Holder a74427
d88dffe9439f41b68876e057ae0fdfdf,08e20910d81d42658d4334d3f6d10ac0,Interbank,ACC-000232,Holder d88dff
0402c54f715741b0adc5a5368bb2b8b1,ff424287c4bd4cbba6066962951a121f,Banco de Credito BCP,ACC-000233,Holder 0402c5
333bdf9658d64c1c90f546713ba05fa4,962afaa34db6420fb03b7ae464f6a061,Interbank,ACC-000234,Holder 333bdf
6210557c6f16451e86783470824cbdd0,ff424287c4bd4cbba6066962951a121f,Banco Azteca,ACC-000235,Holder 621055
273259a648d64ae498cbef1a9e01e21c,08e20910d81d42658d4334d3f6d10ac0,BBVA Continental,ACC-000236,Holder 273259
216f46128fff4f1494ecfe76e32a9cc9,08e20910d81d42658d4334d3f6d10ac0,BBVA Continental,ACC-000237,Holder 216f46
e97c5f0ddfb1434984405a0e6762f2a6,08e20910d81d42658d4334d3f6d10ac0,Banco Ripley,ACC-000238,Holder e97c5f
a1c79cc5d55e4591bd988e0858ec35b0,851e30755bba4d298e2e837f571b4ab8,BBVA Continental,ACC-000239,Holder a1c79c
b1e3c46c3cfa41dba104bdbf5f54432a,08e20910d81d42658d4334d3f6d10ac0,MiBanco,ACC-000240,Holder b1e3c4
9b25116b645f4adaaa6216d7c256d2a5,08e20910d81d42658d4334d3f6d10ac0,Scotiabank Peru,ACC-000241,Holder 9b2511
1c9b109ee3304e60a1c0fc33bc589ac7,ef21f793358144f589aabcbeb8bd7d50,Scotiabank Peru,ACC-000242,Holder 1c9b10
abc410590aab48efb75d129d673374b0,08e20910d81d42658d4334d3f6d10ac0,Banco Ripley,ACC-000243,Holder abc410
c0efb15a133f48e28bfffbc3b1e4ad05,05b1c831e66f41a9a87f5f3fa0a186ae,MiBanco,ACC-000244,Holder c0efb1
77640463a4be4b9e8e9f4a1dd49f2e84,08e20910d81d42658d4334d3f6d10ac0,Scotiabank Peru,ACC-000245,Holder 776404
e081f36a6bd440cda68d7728bdce3337,ae57aaedeacd41eb9fdbe1ff7a89a3f2,Banco Pichincha,ACC-000246,Holder e081f3
86a7766bfee44ac48898c1776c58cd3b,08e20910d81d42658d4334d3f6d10ac0,MiBanco,ACC-000247,Holder 86a776
bf6b402d03e3403b8fddc1d978d5624a,05b1c831e66f41a9a87f5f3fa0a186ae,Banco Azteca,ACC-000248,Holder bf6b40
749ba3a8ab45467084cde40ade311873,08e20910d81d42658d4334d3f6d10ac0,Banco Falabella,ACC-000249,Holder 749ba3
fbeef232368d46e99d057ef495afbc2d,bed8509b67514379866e2907d72902a3,Interbank,ACC-000250,Holder fbeef2
1fbf615671b34585b8642540ea07eed9,08e20910d81d42658d4334d3f6d10ac0,MiBanco,ACC-000251,Holder 1fbf61
36d8c4049f674a328ac029a619314a16,08e20910d81d42658d4334d3f6d10ac0,Interbank,ACC-000252,Holder 36d8c4
dfb6a0f46f944bf6a821db601eccba38,05b1c831e66f41a9a87f5f3fa0a186ae,Banco Pichincha,ACC-000253,Holder dfb6a0
b73e0a1a4a2f4b1896a2c92157c0a13a,ae57aaedeacd41eb9fdbe1ff7a89a3f2,Banco Falabella,ACC-000254,Holder b73e0a
46982f54517a47d6be97b92789f2557a,08e20910d81d42658d4334d3f6d10ac0,Banco GNB,ACC-000255,Holder 46982f
051fd97ddcda492882ab01ab5cb6fc8a,08e20910d81d42658d4334d3f6d10ac0,Banco Ripley,ACC-000256,Holder 051fd9
84c80a21625e4e49871ea7579bb04910,08e20910d81d42658d4334d3f6d10ac0,MiBanco,ACC-000257,Holder 84c80a
c9ac30b30cfa415cbfac07ade30ad2ed,05b1c831e66f41a9a87f5f3fa0a186ae,Banco Ripley,ACC-000258,Holder c9ac30
a8398dc946784d0799b225879aee582c,05b1c831e66f41a9a87f5f3fa0a186ae,BBVA Continental,ACC-000259,Holder a8398d
8eef2493c41843528091f3af998fc9c3,08e20910d81d42658d4334d3f6d10ac0,Interbank,ACC-000260,Holder 8eef24
24eb8be5e4a84c86a44476b45bf859e6,08e20910d81d42658d4334d3f6d10ac0,Interbank,ACC-000261,Holder 24eb8b
aa60b95fb2f64b34b37ef18208ff535b,08e20910d81d42658d4334d3f6d10ac0,BBVA Continental,ACC-000262,Holder aa60b9
be121b01d8454c7d80043d263df6e631,05b1c831e66f41a9a87f5f3fa0a186ae,Banco GNB,ACC-000263,Holder be121b
8c39f59262b14e1e84f8d964045f7c1d,08e20910d81d42658d4334d3f6d10ac0,Banco de Credito BCP,ACC-000264,Holder 8c39f5
df809c4f8447461da4b6a7ced625e101,05b1c831e66f41a9a87f5f3fa0a186ae,Banco Azteca,ACC-000265,Holder df809c
a0bbb643f3ea4c3a9d8a3b135c0de027,64085dd85e124e2c808806f70d527ea8,MiBanco,ACC-000266,Holder a0bbb6
b41cc8a17e1449a4b690eebaff709e79,08e20910d81d42658d4334d3f6d10ac0,Interbank,ACC-000267,Holder b41cc8
830dcdae7b404d07805f414f9b7b17ce,08e20910d81d42658d4334d3f6d10ac0,Banco Azteca,ACC-000268,Holder 830dcd
31c93135f24a4a9fb8f61da7555d83fc,08e20910d81d42658d4334d3f6d10ac0,Interbank,ACC-000269,Holder 31c931
834828eb3f7f455aa300d10920bbb1cc,f4ac6fdbf26043dfabdd3315bb4d679e,Banco de Credito BCP,ACC-000270,Holder 834828
6caf5629f1cb43f8bc3f6dfa5ee052fd,05b1c831e66f41a9a87f5f3fa0a186ae,BBVA Continental,ACC-000271,Holder 6caf56
cc275cca8a434d64ba020791ed1b0cf1,08e20910d81d42658d4334d3f6d10ac0,Banco de Credito BCP,ACC-000272,Holder cc275c
c42224957bd840eeb08f9e555d55e747,08e20910d81d42658d4334d3f6d10ac0,Interbank,ACC-000273,Holder c42224
919882b661d34336ac2c58ab8df7e59b,05b1c831e66f41a9a87f5f3fa0a186ae,BBVA Continental,ACC-000274,Holder 919882
cddfd3044c71496490a2819902d0d8b1,e081e2df33a74073992c859638bdf683,Banco de Credito BCP,ACC-000275,Holder cddfd3
9f920ee5cc65468e81d42e452f24fb79,08e20910d81d42658d4334d3f6d10ac0,Banco GNB,ACC-000276,Holder 9f920e
dde1c83709a645b393f36e3f5fcd41fa,05b1c831e66f41a9a87f5f3fa0a186ae,BBVA Continental,ACC-000277,Holder dde1c8
181fe387195c460e86ce214ea16ccc38,c58110bc70244430a70a8126fc69f22c,MiBanco,ACC-000278,Holder 181fe3
e53f1197b1c848759f758941262d70cd,851e30755bba4d298e2e837f571b4ab8,Interbank,ACC-000279,Holder e53f11
8416d5ab9fad43a09f52062066095c3c,08e20910d81d42658d4334d3f6d10ac0,Banco Pichincha,ACC-000280,Holder 8416d5
951a4ec2e57a4fd7b5521e0bf339aa8e,05b1c831e66f41a9a87f5f3fa0a186ae,Banco Ripley,ACC-000281,Holder 951a4e
4ef45a8b5256404ab96bf45fba2c4456,08e20910d81d42658d4334d3f6d10ac0,Interbank,ACC-000282,Holder 4ef45a
1d9ab04856bc47979794dc18f14e7f73,05b1c831e66f41a9a87f5f3fa0a186ae,MiBanco,ACC-000283,Holder 1d9ab0
1d4201f8930d45e589316f8d918626cc,851e30755bba4d298e2e837f571b4ab8,Scotiabank Peru,ACC-000284,Holder 1d4201
ca5b19011a3e41f79f6b86c412d47f46,ef21f793358144f589aabcbeb8bd7d50,Banco Azteca,ACC-000285,Holder ca5b19
e5b905e898b24377818010522e8fe8fd,bed8509b67514379866e2907d72902a3,Banco Azteca,ACC-000286,Holder e5b905
c1290e425b0143ae9d9637843aab73ee,08e20910d81d42658d4334d3f6d10ac0,Banco Ripley,ACC-000287,Holder c1290e
3b1be0d14caa4f4bbf77a0eb56fdfa8d,05b1c831e66f41a9a87f5f3fa0a186ae,Interbank,ACC-000288,Holder 3b1be0
24715022155d412aa22d1c4d8fb41400,05b1c831e66f41a9a87f5f3fa0a186ae,Banco Ripley,ACC-000289,Holder 247150
d4c72b1e598045e9959bbdc8112bc1f9,bed8509b67514379866e2907d72902a3,Banco Falabella,ACC-000290,Holder d4c72b
ef7cded8b7df487ca86a9fb54b8b2b71,e081e2df33a74073992c859638bdf683,Interbank,ACC-000291,Holder ef7cde
cf12bb60fb9f49a19fc90385f348b08d,08e20910d81d42658d4334d3f6d10ac0,BBVA Continental,ACC-000292,Holder cf12bb
5339f6fcd12a4a349cb5a033187724ce,08e20910d81d42658d4334d3f6d10ac0,BBVA Continental,ACC-000293,Holder 5339f6
08e2426487f44c0d82b47046dcf6b38e,08e20910d81d42658d4334d3f6d10ac0,Banco Falabella,ACC-000294,Holder 08e242
48e1e948baff42859ef0b531597358dd,851e30755bba4d298e2e837f571b4ab8,Banco GNB,ACC-000295,Holder 48e1e9
08d6abf37b8a4d41baad26dec5432c8b,05b1c831e66f41a9a87f5f3fa0a186ae,Banco Falabella,ACC-000296,Holder 08d6ab
7aa3453059ef4b61b9523247a13bfd70,851e30755bba4d298e2e837f571b4ab8,Banco Falabella,ACC-000297,Holder 7aa345
b3f2cff3f5e14101b1bf6ec260c94f43,08e20910d81d42658d4334d3f6d10ac0,Banco Ripley,ACC-000298,Holder b3f2cf
2e7f3d77a9f34745bab47f811a6c629d,08e20910d81d42658d4334d3f6d10ac0,Banco de Credito BCP,ACC-000299,Holder 2e7f3d
be7f6b2093484024847942927b58d5c5,ef21f793358144f589aabcbeb8bd7d50,BBVA Continental,ACC-000300,Holder be7f6b
3aed232c713045f89e7dbfd1bdf899ff,08e20910d81d42658d4334d3f6d10ac0,Banco de Credito BCP,ACC-000301,Holder 3aed23
a239df24728a47dbb0bbe55dc55b876e,851e30755bba4d298e2e837f571b4ab8,Banco Falabella,ACC-000302,Holder a239df
2cd8f90005c04f97a8a834ccb3c2294d,962afaa34db6420fb03b7ae464f6a061,Banco GNB,ACC-000303,Holder 2cd8f9
e310eda2f87c49ab881802070c3d77e7,05b1c831e66f41a9a87f5f3fa0a186ae,BBVA Continental,ACC-000304,Holder e310ed
3e5287571fdf4aa8b9bc4adb0920e06e,08e20910d81d42658d4334d3f6d10ac0,Interbank,ACC-000305,Holder 3e5287
1a43a669af464219b6c9d988f9fa133c,ff424287c4bd4cbba6066962951a121f,Interbank,ACC-000306,Holder 1a43a6
2bd3629ca8214bf39c8441a35f8152df,08e20910d81d42658d4334d3f6d10ac0,Interbank,ACC-000307,Holder 2bd362
c0e65fe219584daa8118f5eb7534ac0f,08e20910d81d42658d4334d3f6d10ac0,MiBanco,ACC-000308,Holder c0e65f
cb8a8b7bd8c142179fbdb38c948fc97c,ef21f793358144f589aabcbeb8bd7d50,Banco Ripley,ACC-000309,Holder cb8a8b
d535919b11aa437bac3e3a6ee1ac97c9,851e30755bba4d298e2e837f571b4ab8,Scotiabank Peru,ACC-000310,Holder d53591
09a73fad0c584156b15ed30e31c6b6b5,08e20910d81d42658d4334d3f6d10ac0,Banco Falabella,ACC-000311,Holder 09a73f
347273d6f0974651bf096e1353eae975,08e20910d81d42658d4334d3f6d10ac0,Scotiabank Peru,ACC-000312,Holder 347273
26036a01c29a41b78bc50a523475c735,e081e2df33a74073992c859638bdf683,Banco Pichincha,ACC-000313,Holder 26036a
a6cdc8282664402f9ed737624e7078f0,08e20910d81d42658d4334d3f6d10ac0,Banco Ripley,ACC-000314,Holder a6cdc8
eeb8258aefe74076b93d9f875103741a,08e20910d81d42658d4334d3f6d10ac0,Interbank,ACC-000315,Holder eeb825
31b44ff5dc884eefb0e7dceb10827ade,e3e07c00ed914f82a59c03283a178d6e,BBVA Continental,ACC-000316,Holder 31b44f
aefd0176af174cf7ace93ee0be9ef3b7,851e30755bba4d298e2e837f571b4ab8,Banco Ripley,ACC-000317,Holder aefd01
9bfa2aeb46ff49a9a007ad0a240c017b,ae57aaedeacd41eb9fdbe1ff7a89a3f2,MiBanco,ACC-000318,Holder 9bfa2a
ea598fc127fe4ecc92f82b68f5aa45f0,08e20910d81d42658d4334d3f6d10ac0,BBVA Continental,ACC-000319,Holder ea598f
3f932d2401c84ecaa2d5d080a92ca92b,962afaa34db6420fb03b7ae464f6a061,Banco de Credito BCP,ACC-000320,Holder 3f932d
f8c826eb5e3441a0bb021e49833dddc4,08e20910d81d42658d4334d3f6d10ac0,MiBanco,ACC-000321,Holder f8c826
907620190bcd47cd9bcb2ff30bcc3689,05b1c831e66f41a9a87f5f3fa0a186ae,Banco de Credito BCP,ACC-000322,Holder 907620
a7776e0daafa4657be65405d8a3d22e0,05b1c831e66f41a9a87f5f3fa0a186ae,BBVA Continental,ACC-000323,Holder a7776e
8279845dc19045b69a146e232ceef8cf,08e20910d81d42658d4334d3f6d10ac0,Interbank,ACC-000324,Holder 827984
df72bbb9111e4379a04f32407016b268,05b1c831e66f41a9a87f5f3fa0a186ae,Scotiabank Peru,ACC-000325,Holder df72bb
2ad03893dd32435eb019d841c6b3d4ea,08e20910d81d42658d4334d3f6d10ac0,Banco Falabella,ACC-000326,Holder 2ad038
915c575b4f054871b805f2124e5c9506,851e30755bba4d298e2e837f571b4ab8,Banco Ripley,ACC-000327,Holder 915c57
c7fb8e2076f849389c5f51f64d0daafa,08e20910d81d42658d4334d3f6d10ac0,Banco Ripley,ACC-000328,Holder c7fb8e
101bd0011fbf40f38ba9864b4b68f78d,08e20910d81d42658d4334d3f6d10ac0,Interbank,ACC-000329,Holder 101bd0
1f9a1af45fe14e4da6ab7c25e28ac436,05b1c831e66f41a9a87f5f3fa0a186ae,Banco Falabella,ACC-000330,Holder 1f9a1a
9ca3f426e6bb4c3993f5a0247905567c,05b1c831e66f41a9a87f5f3fa0a186ae,Banco de Credito BCP,ACC-000331,Holder 9ca3f4
a472f948ff1a47818a0778fa1c44693f,08e20910d81d42658d4334d3f6d10ac0,Scotiabank Peru,ACC-000332,Holder a472f9
859688c5e5cc45c49eb4ac094c0ec0e7,08e20910d81d42658d4334d3f6d10ac0,Banco Falabella,ACC-000333,Holder 859688
7de2c9e959a8461aa00e30a05c54879b,ff424287c4bd4cbba6066962951a121f,Banco de Credito BCP,ACC-000334,Holder 7de2c9
26308ac206e7450bb64edfceaa1bdef8,05b1c831e66f41a9a87f5f3fa0a186ae,Banco Falabella,ACC-000335,Holder 26308a
3946de49492041e39ce24856b1a6fb83,08e20910d81d42658d4334d3f6d10ac0,Banco Pichincha,ACC-000336,Holder 3946de
059b83a3e33d4731baaf212f27366337,08e20910d81d42658d4334d3f6d10ac0,Banco Ripley,ACC-000337,Holder 059b83
19a02e38df8b44b0a516604afeee61a2,962afaa34db6420fb03b7ae464f6a061,Banco Pichincha,ACC-000338,Holder 19a02e
27181feaef1b48fc918a7528be250fd9,08e20910d81d42658d4334d3f6d10ac0,Banco Falabella,ACC-000339,Holder 27181f
9e7b430049f54520bfa82192568e7b9a,05b1c831e66f41a9a87f5f3fa0a186ae,MiBanco,ACC-000340,Holder 9e7b43
1f3993272f46434baa411003418b232e,08e20910d81d42658d4334d3f6d10ac0,Banco Ripley,ACC-000341,Holder 1f3993
21d229d3ad574363a2e01503d01a6b41,05b1c831e66f41a9a87f5f3fa0a186ae,Scotiabank Peru,ACC-000342,Holder 21d229
9e44a7f2b4f445c08bde7eaed99777e4,08e20910d81d42658d4334d3f6d10ac0,Interbank,ACC-000343,Holder 9e44a7
d53fcf6603b9461c8c9e8e75d06dfb5d,ef21f793358144f589aabcbeb8bd7d50,Banco Pichincha,ACC-000344,Holder d53fcf
643fd2c954d0429ab7ca0351c84d2f01,08e20910d81d42658d4334d3f6d10ac0,Interbank,ACC-000345,Holder 643fd2
42666eda5b204ad99056e69554d943e7,08e20910d81d42658d4334d3f6d10ac0,Banco de Credito BCP,ACC-000346,Holder 42666e
eb7d1ca8b7b14960a738a7082f6a6af1,962afaa34db6420fb03b7ae464f6a061,Banco Azteca,ACC-000347,Holder eb7d1c
b27c2a86d1a3492e94cf4010bb731775,08e20910d81d42658d4334d3f6d10ac0,MiBanco,ACC-000348,Holder b27c2a
7d28afa5573c42d493f3746a276153e6,08e20910d81d42658d4334d3f6d10ac0,Banco de Credito BCP,ACC-000349,Holder 7d28af
d171bc50a5a54279b44a16b7eaa2c98f,08e20910d81d42658d4334d3f6d10ac0,Banco GNB,ACC-000350,Holder d171bc
8e4f583686ce4156bcdc9a3780b377ef,08e20910d81d42658d4334d3f6d10ac0,Banco de Credito BCP,ACC-000351,Holder 8e4f58
f0e6cd16d2894c5e965c9588aace3a25,08e20910d81d42658d4334d3f6d10ac0,Banco de Credito BCP,ACC-000352,Holder f0e6cd
a46f88db92ee4f068fc28bc6bf9533cd,08e20910d81d42658d4334d3f6d10ac0,Banco Azteca,ACC-000353,Holder a46f88
098f55a149f045e7b45c2b8ce05b1e68,05b1c831e66f41a9a87f5f3fa0a186ae,Banco Ripley,ACC-000354,Holder 098f55
4d840d490c2844ba8e0a3cd48dc4a466,05b1c831e66f41a9a87f5f3fa0a186ae,MiBanco,ACC-000355,Holder 4d840d
9e7340b947ca44ab8b3ecfc32a29701d,08e20910d81d42658d4334d3f6d10ac0,MiBanco,ACC-000356,Holder 9e7340
c10456ff4a504ebc88b7b3cb41b5b913,08e20910d81d42658d4334d3f6d10ac0,Scotiabank Peru,ACC-000357,Holder c10456
a4df4cb59d234af5beeeebda0b347ae6,05b1c831e66f41a9a87f5f3fa0a186ae,Banco de Credito BCP,ACC-000358,Holder a4df4c
0e1e5a5dfed548eab985a90b212e27ef,962afaa34db6420fb03b7ae464f6a061,MiBanco,ACC-000359,Holder 0e1e5a
1b2326abad294a6aa925870012b5066f,08e20910d81d42658d4334d3f6d10ac0,BBVA Continental,ACC-000360,Holder 1b2326
c1e683cb5f754779b3dc9ada5307d62e,05b1c831e66f41a9a87f5f3fa0a186ae,Scotiabank Peru,ACC-000361,Holder c1e683
8b2d7d96ea6743eb974dff02e37f4c81,ef21f793358144f589aabcbeb8bd7d50,BBVA Continental,ACC-000362,Holder 8b2d7d
c0c7ece6899147c2ad628f0f2d4e270a,bed8509b67514379866e2907d72902a3,Banco Azteca,ACC-000363,Holder c0c7ec
13bc8897038c406380a3eda21fdce459,962afaa34db6420fb03b7ae464f6a061,BBVA Continental,ACC-000364,Holder 13bc88
88d3cde9174147d3bae9f68095069a4f,08e20910d81d42658d4334d3f6d10ac0,Interbank,ACC-000365,Holder 88d3cd
29f5884dd8ee4543a208e6bca87dfa80,08e20910d81d42658d4334d3f6d10ac0,Banco Falabella,ACC-000366,Holder 29f588
73236639761a4dc8aba2741384a68d2c,08e20910d81d42658d4334d3f6d10ac0,BBVA Continental,ACC-000367,Holder 732366
86b0123b711d4d0d8d3c902ab0d7116c,ef21f793358144f589aabcbeb8bd7d50,Banco Azteca,ACC-000368,Holder 86b012
6b71006fdff94288945979d4ba8c0ff6,05b1c831e66f41a9a87f5f3fa0a186ae,Interbank,ACC-000369,Holder 6b7100
4c3e86b93b0248539be4d7a7ef569da5,ef21f793358144f589aabcbeb8bd7d50,Banco Azteca,ACC-000370,Holder 4c3e86
9d055d8f530f462fa428a105d485782e,08e20910d81d42658d4334d3f6d10ac0,Banco Azteca,ACC-000371,Holder 9d055d
5f27196060fc43108b305b578581e40d,05b1c831e66f41a9a87f5f3fa0a186ae,Banco de Credito BCP,ACC-000372,Holder 5f2719
c8ce1309a52347a4a4a4e017f55cd102,962afaa34db6420fb03b7ae464f6a061,Banco Azteca,ACC-000373,Holder c8ce13
9fdb819e0ca948c5b65e0d423f542547,08e20910d81d42658d4334d3f6d10ac0,BBVA Continental,ACC-000374,Holder 9fdb81
ca50006258b2493c889de549fd33a627,ef21f793358144f589aabcbeb8bd7d50,Banco Falabella,ACC-000375,Holder ca5000
c367fbab23b94c0cbe06359ec9b347f6,05b1c831e66f41a9a87f5f3fa0a186ae,Banco Azteca,ACC-000376,Holder c367fb
84f89b9529374cdeaf42c632a3a22785,08e20910d81d42658d4334d3f6d10ac0,Banco Azteca,ACC-000377,Holder 84f89b
c2c78dfa111a44299ff50120a8d9eb38,c054c8b5dfe14e75b882943b2a252706,MiBanco,ACC-000378,Holder c2c78d
0f19b0be0f364d4e908d8b6e5d378a68,08e20910d81d42658d4334d3f6d10ac0,Banco GNB,ACC-000379,Holder 0f19b0
7791544aa0674a7dab096868580e4b55,05b1c831e66f41a9a87f5f3fa0a186ae,Banco Pichincha,ACC-000380,Holder 779154
8a6d69fe5a3641a08275c5c38540317d,08e20910d81d42658d4334d3f6d10ac0,Interbank,ACC-000381,Holder 8a6d69
dd98e6c266044f63a5d47df761db735e,08e20910d81d42658d4334d3f6d10ac0,Banco GNB,ACC-000382,Holder dd98e6
0c301dc27f504ec8913edae6e16eee39,08e20910d81d42658d4334d3f6d10ac0,Interbank,ACC-000383,Holder 0c301d
9b5e547156484264982e2374d7627353,08e20910d81d42658d4334d3f6d10ac0,Banco Pichincha,ACC-000384,Holder 9b5e54
d0dae723fd194cdf80453a78ae8ec005,08e20910d81d42658d4334d3f6d10ac0,Banco Falabella,ACC-000385,Holder d0dae7
f661024070f34b8c8751134f19d5fa12,08e20910d81d42658d4334d3f6d10ac0,Scotiabank Peru,ACC-000386,Holder f66102
40f237a2b47e4a5eabd2fbaf267eadc8,08e20910d81d42658d4334d3f6d10ac0,Banco Pichincha,ACC-000387,Holder 40f237
3366763ddbbb42c1825e944c2ce8ed0d,08e20910d81d42658d4334d3f6d10ac0,Banco Ripley,ACC-000388,Holder 336676
8646007d07974f74958b749a587a5687,851e30755bba4d298e2e837f571b4ab8,Banco GNB,ACC-000389,Holder 864600
52ad58ffdf0842dd92631e133f2695dc,ef21f793358144f589aabcbeb8bd7d50,BBVA Continental,ACC-000390,Holder 52ad58
135d46e07e5045aeb4f017df07d29928,05b1c831e66f41a9a87f5f3fa0a186ae,Banco de Credito BCP,ACC-000391,Holder 135d46
19f4d45d10fe40d2b594b5c129ab8832,08e20910d81d42658d4334d3f6d10ac0,Banco Ripley,ACC-000392,Holder 19f4d4
3ec8f229053d4a359717627eb26bc84c,05b1c831e66f41a9a87f5f3fa0a186ae,Banco Azteca,ACC-000393,Holder 3ec8f2
2c49044f94044624b1e9bb22922e4c01,05b1c831e66f41a9a87f5f3fa0a186ae,Banco Azteca,ACC-000394,Holder 2c4904
ce06de11efd94eefa73234a9d88bd12a,05b1c831e66f41a9a87f5f3fa0a186ae,BBVA Continental,ACC-000395,Holder ce06de
05680ce6969d4ea696f19e787d8ae954,05b1c831e66f41a9a87f5f3fa0a186ae,BBVA Continental,ACC-000396,Holder 05680c
7cbdca62bb4f402ebecb36b3bd5da8aa,851e30755bba4d298e2e837f571b4ab8,MiBanco,ACC-000397,Holder 7cbdca
a1f9b86cd27b4b119c6b131a90837ec9,fafd623109d740f8a1f15af7c3dd86c6,Interbank,ACC-000398,Holder a1f9b8
1655a775d68d4d73b267758000d576f2,08e20910d81d42658d4334d3f6d10ac0,MiBanco,ACC-000399,Holder 1655a7
4af2fd5a147448b883da2f0086f12ba2,05b1c831e66f41a9a87f5f3fa0a186ae,Banco Pichincha,ACC-000400,Holder 4af2fd
9694ada2488340e4b76899c3d898b087,08e20910d81d42658d4334d3f6d10ac0,Scotiabank Peru,ACC-000401,Holder 9694ad
59a7d0924912436d824269f5b4718193,08e20910d81d42658d4334d3f6d10ac0,Banco GNB,ACC-000402,Holder 59a7d0
8b99865ea99f4d68904511499d9555ab,08e20910d81d42658d4334d3f6d10ac0,BBVA Continental,ACC-000403,Holder 8b9986
469863118748413c8a872c236ef8a4ea,08e20910d81d42658d4334d3f6d10ac0,Interbank,ACC-000404,Holder 469863
657e9a891b6947ab893ac44206b0c30d,ef21f793358144f589aabcbeb8bd7d50,Banco GNB,ACC-000405,Holder 657e9a
13589c6d2df6451c9bdac2755129bfc8,08e20910d81d42658d4334d3f6d10ac0,Banco Pichincha,ACC-000406,Holder 13589c
ad5005cb3b3649daa99ea2dd2b913147,05b1c831e66f41a9a87f5f3fa0a186ae,Scotiabank Peru,ACC-000407,Holder ad5005
08354789fd0b4e9792d49e2a60b23696,851e30755bba4d298e2e837f571b4ab8,Banco Ripley,ACC-000408,Holder 083547
4605c675f74b498281b4f97867d65eb1,851e30755bba4d298e2e837f571b4ab8,MiBanco,ACC-000409,Holder 4605c6
6e7a8d7a449c4c49a971c59c6b3b9763,8d3b13bd6e584a3c98c3a9d9825cf7d2,Banco Pichincha,ACC-000410,Holder 6e7a8d
5c2560de58ed44119eed66cf28edecbd,08e20910d81d42658d4334d3f6d10ac0,Banco Azteca,ACC-000411,Holder 5c2560
9e800bf17d5d4b0293e3b0e4377280d8,962afaa34db6420fb03b7ae464f6a061,MiBanco,ACC-000412,Holder 9e800b
8e9181bf81374299907a64ed7cb01aea,08e20910d81d42658d4334d3f6d10ac0,Banco de Credito BCP,ACC-000413,Holder 8e9181
9fe52d8983eb440ebc06fec46483120f,08e20910d81d42658d4334d3f6d10ac0,MiBanco,ACC-000414,Holder 9fe52d
0124888b90fe4502ae3d77afeff45bec,08e20910d81d42658d4334d3f6d10ac0,Banco Pichincha,ACC-000415,Holder 012488
9161094dc533499282184ef63a31ef22,08e20910d81d42658d4334d3f6d10ac0,BBVA Continental,ACC-000416,Holder 916109
e3aad0cd880641dc8971563bd59d5f3a,08e20910d81d42658d4334d3f6d10ac0,Scotiabank Peru,ACC-000417,Holder e3aad0
53b2b8c6b40341f2aee41d595458d311,08e20910d81d42658d4334d3f6d10ac0,Banco Pichincha,ACC-000418,Holder 53b2b8
57e905b5e8fd4675b1ad2a102b04e0f3,08e20910d81d42658d4334d3f6d10ac0,BBVA Continental,ACC-000419,Holder 57e905
e8ee0f75481e45fdbfacc42176f0021d,05b1c831e66f41a9a87f5f3fa0a186ae,BBVA Continental,ACC-000420,Holder e8ee0f
e241fa92417647d5b81a885656d3cfea,05b1c831e66f41a9a87f5f3fa0a186ae,MiBanco,ACC-000421,Holder e241fa
d7378609d53248538592a5ed584d34d5,05b1c831e66f41a9a87f5f3fa0a186ae,Scotiabank Peru,ACC-000422,Holder d73786
7949dbb6715d4268a3309c0df1e0d384,851e30755bba4d298e2e837f571b4ab8,Banco Pichincha,ACC-000423,Holder 7949db
2e4a8f7cb9dc45dfaf3227872a6270ce,08e20910d81d42658d4334d3f6d10ac0,Banco Pichincha,ACC-000424,Holder 2e4a8f
a9ccd40e0913487fa7f1dc34eb4a7146,08e20910d81d42658d4334d3f6d10ac0,Banco Azteca,ACC-000425,Holder a9ccd4
5a0f8762b1c64e4eaff6d646a8852843,08e20910d81d42658d4334d3f6d10ac0,Interbank,ACC-000426,Holder 5a0f87
a623b21d42a34bd39eb43238a5b1b1bb,f4ac6fdbf26043dfabdd3315bb4d679e,Banco GNB,ACC-000427,Holder a623b2
675403f863b04b7489a96e14cd10380f,05b1c831e66f41a9a87f5f3fa0a186ae,Interbank,ACC-000428,Holder 675403
d3165b9a54124833bf37c4ba25c2fc52,08e20910d81d42658d4334d3f6d10ac0,Banco Pichincha,ACC-000429,Holder d3165b
bc75dfd9833145e899f01ef5cf70daa3,ef21f793358144f589aabcbeb8bd7d50,MiBanco,ACC-000430,Holder bc75df
ba295e413bde4523a1c6ac6cd0ea2509,962afaa34db6420fb03b7ae464f6a061,Banco Ripley,ACC-000431,Holder ba295e
60bd96b3751f42e789bb40c25ee681ec,08e20910d81d42658d4334d3f6d10ac0,Banco Pichincha,ACC-000432,Holder 60bd96
b8e6bf50060c4ebb999dd0886e12d244,08e20910d81d42658d4334d3f6d10ac0,Banco de Credito BCP,ACC-000433,Holder b8e6bf
a5d83a1831064e6d870d30294a299be4,851e30755bba4d298e2e837f571b4ab8,BBVA Continental,ACC-000434,Holder a5d83a
09b2810c26544bf6b660bbf8d72280b7,2e39f6699c854bc49cc75197431fe25c,Banco Falabella,ACC-000435,Holder 09b281
a94d5098a93f439ea25122358781675d,08e20910d81d42658d4334d3f6d10ac0,Banco Pichincha,ACC-000436,Holder a94d50
ff507e5da92a41989f31c0f209cd4d64,e081e2df33a74073992c859638bdf683,Banco de Credito BCP,ACC-000437,Holder ff507e
a47c47400bd740b1be6f0a8738e82a2c,05b1c831e66f41a9a87f5f3fa0a186ae,Banco de Credito BCP,ACC-000438,Holder a47c47
2cb249ae61fc4fc3a7942074caac15bc,64085dd85e124e2c808806f70d527ea8,Banco GNB,ACC-000439,Holder 2cb249
2a71fa57a27c48f3b843ffd130fbe6e2,f4ac6fdbf26043dfabdd3315bb4d679e,Scotiabank Peru,ACC-000440,Holder 2a71fa
f017380e25d042a5b5c2b73345e0bea6,08e20910d81d42658d4334d3f6d10ac0,Banco Pichincha,ACC-000441,Holder f01738
8056caf4ec0b47bd89729d5f9f75cc9e,05b1c831e66f41a9a87f5f3fa0a186ae,Scotiabank Peru,ACC-000442,Holder 8056ca
9991d8b1f8824bde8a678b7c061e0f9f,56e4607dfc354e0a9cde4f0aa7973003,Banco Ripley,ACC-000443,Holder 9991d8
6b027f5da69e4d7d87e17d9d3720c226,08e20910d81d42658d4334d3f6d10ac0,MiBanco,ACC-000444,Holder 6b027f
b3515adb10ae4eeeb5a9e12e59328fe8,08e20910d81d42658d4334d3f6d10ac0,Banco Falabella,ACC-000445,Holder b3515a
7c1a8125d99c432ca9716ad024d54f74,f4ac6fdbf26043dfabdd3315bb4d679e,MiBanco,ACC-000446,Holder 7c1a81
a899879e2e6f402e96c315bcdf55efb0,c58110bc70244430a70a8126fc69f22c,Banco de Credito BCP,ACC-000447,Holder a89987
dc471d08ca98469c98e07b57861f6f7b,bed8509b67514379866e2907d72902a3,BBVA Continental,ACC-000448,Holder dc471d
2a54840d73044b8e90d0607f66bd1dd8,08e20910d81d42658d4334d3f6d10ac0,BBVA Continental,ACC-000449,Holder 2a5484
d51cc98e813c49d8b3fcb3ae9d7abb93,08e20910d81d42658d4334d3f6d10ac0,Scotiabank Peru,ACC-000450,Holder d51cc9
7fe685b6127848439caf30c9c84a2d80,e081e2df33a74073992c859638bdf683,MiBanco,ACC-000451,Holder 7fe685
e830ae136a624462b78cdd084fb8917e,08e20910d81d42658d4334d3f6d10ac0,Banco de Credito BCP,ACC-000452,Holder e830ae
bbc63fad4e15463195acea244d3c3ae6,05b1c831e66f41a9a87f5f3fa0a186ae,Banco GNB,ACC-000453,Holder bbc63f
b1b4fa15fe33496bbd40e2a0c331c220,e3e07c00ed914f82a59c03283a178d6e,Banco Azteca,ACC-000454,Holder b1b4fa
16ab9d97ea554b9aa1724a8a3434162d,05b1c831e66f41a9a87f5f3fa0a186ae,MiBanco,ACC-000455,Holder 16ab9d
470bf64685264c9fa5109677830baf5c,08e20910d81d42658d4334d3f6d10ac0,Scotiabank Peru,ACC-000456,Holder 470bf6
973f965ab135400883c4fa2ce42c3e27,08e20910d81d42658d4334d3f6d10ac0,Banco Falabella,ACC-000457,Holder 973f96
89373635808346eb9a297a186d437498,08e20910d81d42658d4334d3f6d10ac0,Scotiabank Peru,ACC-000458,Holder 893736
f987035a731f44b8a60c99b2ad348a94,08e20910d81d42658d4334d3f6d10ac0,Banco de Credito BCP,ACC-000459,Holder f98703
ef328ecd2f0245e7936bef0143d5b105,05b1c831e66f41a9a87f5f3fa0a186ae,Banco Pichincha,ACC-000460,Holder ef328e
6d1cca2643154d33ba93ae7597cc94ef,05b1c831e66f41a9a87f5f3fa0a186ae,Banco GNB,ACC-000461,Holder 6d1cca
2275b74ee6d94c64abe2a2982ca9e75e,05b1c831e66f41a9a87f5f3fa0a186ae,Banco de Credito BCP,ACC-000462,Holder 2275b7
88b22b8085504c778582827d9ff053e9,08e20910d81d42658d4334d3f6d10ac0,Banco GNB,ACC-000463,Holder 88b22b
a0e0905788a74423bd6b60888dcd579e,05b1c831e66f41a9a87f5f3fa0a186ae,Interbank,ACC-000464,Holder a0e090
5801feffbd364ef0859df91a1538b185,08e20910d81d42658d4334d3f6d10ac0,Interbank,ACC-000465,Holder 5801fe
9f5246359cc34094b176899ffb3b97d4,08e20910d81d42658d4334d3f6d10ac0,BBVA Continental,ACC-000466,Holder 9f5246
ec4db235a7164cba9f74a264b66e0375,05b1c831e66f41a9a87f5f3fa0a186ae,Banco GNB,ACC-000467,Holder ec4db2
7c5a614af72048c087c1578ed467ac3c,08e20910d81d42658d4334d3f6d10ac0,MiBanco,ACC-000468,Holder 7c5a61
0974204a88fc42fdb7a7b9e7cabac21b,08e20910d81d42658d4334d3f6d10ac0,Banco Falabella,ACC-000469,Holder 097420
02be47788d6741bc8a5268dfa0d1fcd5,ef21f793358144f589aabcbeb8bd7d50,Banco Azteca,ACC-000470,Holder 02be47
26e2dfb8d7164eea9dc71d2f7f7c1ffa,08e20910d81d42658d4334d3f6d10ac0,Scotiabank Peru,ACC-000471,Holder 26e2df
bfdce1f984ce482f8cc96b7261714e09,05b1c831e66f41a9a87f5f3fa0a186ae,Interbank,ACC-000472,Holder bfdce1
d6b51c41ff9643fd843fa2374404773e,08e20910d81d42658d4334d3f6d10ac0,Scotiabank Peru,ACC-000473,Holder d6b51c
e07b8c8724044a0bb393664633c01dbb,08e20910d81d42658d4334d3f6d10ac0,Scotiabank Peru,ACC-000474,Holder e07b8c
f33209357b4c42858911b112c280a5eb,08e20910d81d42658d4334d3f6d10ac0,Banco Falabella,ACC-000475,Holder f33209
e58f4479d6c4438aaed4bd6dcefde495,05b1c831e66f41a9a87f5f3fa0a186ae,Banco de Credito BCP,ACC-000476,Holder e58f44
a102021314c34411a2e1a94b70bf7772,05b1c831e66f41a9a87f5f3fa0a186ae,Scotiabank Peru,ACC-000477,Holder a10202
b43a93b9e4b941018ee02707afddbd86,08e20910d81d42658d4334d3f6d10ac0,Banco GNB,ACC-000478,Holder b43a93
6e05d3a7afb34aa98d336132ac439c4c,56e4607dfc354e0a9cde4f0aa7973003,Banco Falabella,ACC-000479,Holder 6e05d3
9ae01c61b6b1414aa1534f1381086058,08e20910d81d42658d4334d3f6d10ac0,Interbank,ACC-000480,Holder 9ae01c
796831295f4543dfb66b08699c5a435e,08e20910d81d42658d4334d3f6d10ac0,Banco Pichincha,ACC-000481,Holder 796831
ba69f73934c7493c9dbcb4a0a3d0da48,851e30755bba4d298e2e837f571b4ab8,Scotiabank Peru,ACC-000482,Holder ba69f7
ca56cf3d67344b20bd82e83936b8040c,bed8509b67514379866e2907d72902a3,BBVA Continental,ACC-000483,Holder ca56cf
c03588d94f2b4906a87a92f6a233a762,08e20910d81d42658d4334d3f6d10ac0,Banco Falabella,ACC-000484,Holder c03588
c58d656a4b744093aa3e924edf59e8fd,05b1c831e66f41a9a87f5f3fa0a186ae,Banco de Credito BCP,ACC-000485,Holder c58d65
ace69866423e42e9ae5e673babd23b23,bed8509b67514379866e2907d72902a3,Banco Ripley,ACC-000486,Holder ace698
a32079950eb74913beef3b9ab6978205,08e20910d81d42658d4334d3f6d10ac0,Interbank,ACC-000487,Holder a32079
f2195c4f9fb5477e95b358ba8e647a2e,05b1c831e66f41a9a87f5f3fa0a186ae,Interbank,ACC-000488,Holder f2195c
857e9f7d9b1d487597b7c12b05ddc852,05b1c831e66f41a9a87f5f3fa0a186ae,Banco Ripley,ACC-000489,Holder 857e9f
28a726a0288843cebc143baea67b216e,08e20910d81d42658d4334d3f6d10ac0,Banco GNB,ACC-000490,Holder 28a726
bad6b2239bd74bdf85c7ac06d929cf80,05b1c831e66f41a9a87f5f3fa0a186ae,Banco Pichincha,ACC-000491,Holder bad6b2
c0d4603170384187a551d4a4c2e37322,08e20910d81d42658d4334d3f6d10ac0,Interbank,ACC-000492,Holder c0d460
92c1fb320969402b959b80e04438bcee,e3e07c00ed914f82a59c03283a178d6e,Interbank,ACC-000493,Holder 92c1fb
d3ec6f0427254f4cabc7818c391a90c4,08e20910d81d42658d4334d3f6d10ac0,Banco de Credito BCP,ACC-000494,Holder d3ec6f
5eadd6f275434030a35d80935cbedadd,08e20910d81d42658d4334d3f6d10ac0,Interbank,ACC-000495,Holder 5eadd6
65d10c9dc8184c5ea9868b843d7b1af9,851e30755bba4d298e2e837f571b4ab8,Banco Falabella,ACC-000496,Holder 65d10c
e95332d1e60846cbb874dbf666bb7fb4,08e20910d81d42658d4334d3f6d10ac0,Banco GNB,ACC-000497,Holder e95332
a3205a815b944436a80b0fd4da91a45a,56e4607dfc354e0a9cde4f0aa7973003,Banco Pichincha,ACC-000498,Holder a3205a
481f44d551cf4d2583912d7bd830e8d4,08e20910d81d42658d4334d3f6d10ac0,BBVA Continental,ACC-000499,Holder 481f44
065ecce37a9848d6adc9e6822c69a6b1,08e20910d81d42658d4334d3f6d10ac0,Banco Pichincha,ACC-000500,Holder 065ecc
da822df68cfb405d8d04331b24650da6,851e30755bba4d298e2e837f571b4ab8,Banco GNB,ACC-000501,Holder da822d
863304d573c045bdb6b8befe34cbae14,05b1c831e66f41a9a87f5f3fa0a186ae,MiBanco,ACC-000502,Holder 863304
d7022d54706a435f898cabb5d3c08056,56e4607dfc354e0a9cde4f0aa7973003,Banco Falabella,ACC-000503,Holder d7022d
bbc4c5281a02429c9a6f243b5942346b,08e20910d81d42658d4334d3f6d10ac0,MiBanco,ACC-000504,Holder bbc4c5
e4105402e32d4da1908c750854cab00c,ef21f793358144f589aabcbeb8bd7d50,Banco GNB,ACC-000505,Holder e41054
4b25fa07bbed4d6fbc95a1dc8fd0a892,05b1c831e66f41a9a87f5f3fa0a186ae,Banco de Credito BCP,ACC-000506,Holder 4b25fa
95b8173b5a814db49159f6445ae4bdb8,05b1c831e66f41a9a87f5f3fa0a186ae,BBVA Continental,ACC-000507,Holder 95b817
5cf7038951ec425d8300a987dccbe575,08e20910d81d42658d4334d3f6d10ac0,Banco Pichincha,ACC-000508,Holder 5cf703
8b20f29478624368bccc950c93aa7cb4,c054c8b5dfe14e75b882943b2a252706,Scotiabank Peru,ACC-000509,Holder 8b20f2
23bf2ce383ed4809bfdaccbf4e8d99e7,05b1c831e66f41a9a87f5f3fa0a186ae,Banco Azteca,ACC-000510,Holder 23bf2c
f5a5040ac7634db7b5a5f5734d4ef999,08e20910d81d42658d4334d3f6d10ac0,Banco Pichincha,ACC-000511,Holder f5a504
69a75ded0bdb42b8a6971c6df96f7927,08e20910d81d42658d4334d3f6d10ac0,Banco de Credito BCP,ACC-000512,Holder 69a75d
5050d8d82730469ea68dfebbddc02996,c054c8b5dfe14e75b882943b2a252706,BBVA Continental,ACC-000513,Holder 5050d8
b74e81de50bf4f2582c8b29803d8dba6,05b1c831e66f41a9a87f5f3fa0a186ae,Banco Azteca,ACC-000514,Holder b74e81
56be2b239f494ca48a4d514cb8416077,c58110bc70244430a70a8126fc69f22c,Banco Falabella,ACC-000515,Holder 56be2b
73b9df2eab694359b7801268783dc56e,08e20910d81d42658d4334d3f6d10ac0,Banco GNB,ACC-000516,Holder 73b9df
4d999ff44ecc4642bfc595db808693ab,05b1c831e66f41a9a87f5f3fa0a186ae,Banco GNB,ACC-000517,Holder 4d999f
9cb41122c75c4f44851cfee87bbfb728,05b1c831e66f41a9a87f5f3fa0a186ae,Banco Falabella,ACC-000518,Holder 9cb411
c85b0653a0564ee5ac15642ecb387bf5,ef21f793358144f589aabcbeb8bd7d50,Banco Azteca,ACC-000519,Holder c85b06
ad236c6bf93442ed8378e717ad99df59,08e20910d81d42658d4334d3f6d10ac0,MiBanco,ACC-000520,Holder ad236c
3a612ae4358e441b97e314c649aa71ec,05b1c831e66f41a9a87f5f3fa0a186ae,BBVA Continental,ACC-000521,Holder 3a612a
39e0b0a44c9c4090bdc11b15f552bd0b,ef21f793358144f589aabcbeb8bd7d50,Banco Falabella,ACC-000522,Holder 39e0b0
d40e254dd27349eb99f5f4d2a8c6d257,05b1c831e66f41a9a87f5f3fa0a186ae,Banco Azteca,ACC-000523,Holder d40e25
ba0944e052704f8bb35400990c062f1a,08e20910d81d42658d4334d3f6d10ac0,Interbank,ACC-000524,Holder ba0944
c38e6be5bfa248309f40d3e9953b98f7,ef21f793358144f589aabcbeb8bd7d50,Banco Pichincha,ACC-000525,Holder c38e6b
ab9979bb99474f3792174407bd149fc3,08e20910d81d42658d4334d3f6d10ac0,Banco de Credito BCP,ACC-000526,Holder ab9979
2399aa5ae6264f80b9f389368ded80dd,08e20910d81d42658d4334d3f6d10ac0,Banco Falabella,ACC-000527,Holder 2399aa
ab66f21134514af3a1fbf7128efc3708,08e20910d81d42658d4334d3f6d10ac0,Banco de Credito BCP,ACC-000528,Holder ab66f2
8063d757d12641e2bbc7272f90ca6317,08e20910d81d42658d4334d3f6d10ac0,MiBanco,ACC-000529,Holder 8063d7
45a7021ae9384e1194c26b2bce9a6c11,e081e2df33a74073992c859638bdf683,MiBanco,ACC-000530,Holder 45a702
f142158013e048a5b8b9ce08e2a5466c,ef21f793358144f589aabcbeb8bd7d50,Interbank,ACC-000531,Holder f14215
32c81f3c54214b2e8c47222e31f5a00e,08e20910d81d42658d4334d3f6d10ac0,Banco GNB,ACC-000532,Holder 32c81f
80d63b010382453ca4e095ca5f7c95c6,05b1c831e66f41a9a87f5f3fa0a186ae,Banco Falabella,ACC-000533,Holder 80d63b
8ce724dc9c864fb1afbb8d28333b7359,05b1c831e66f41a9a87f5f3fa0a186ae,BBVA Continental,ACC-000534,Holder 8ce724
852517f5501140ce84c2c3bf7b472213,08e20910d81d42658d4334d3f6d10ac0,Banco GNB,ACC-000535,Holder 852517
d97edddeea964cd6aead57a364558887,08e20910d81d42658d4334d3f6d10ac0,Banco Azteca,ACC-000536,Holder d97edd
21cab47363114bc5862052229fabbf39,05b1c831e66f41a9a87f5f3fa0a186ae,Banco GNB,ACC-000537,Holder 21cab4
6ac6add9ca314a4b8613faf39fb825a6,05b1c831e66f41a9a87f5f3fa0a186ae,BBVA Continental,ACC-000538,Holder 6ac6ad
9c034717ddfe4ee99337b4c8a75155d4,08e20910d81d42658d4334d3f6d10ac0,Banco Pichincha,ACC-000539,Holder 9c0347
961db08326aa48ad80d8b2137256117e,08e20910d81d42658d4334d3f6d10ac0,MiBanco,ACC-000540,Holder 961db0
692ec24332ce445c8ec76e31dc5a6337,05b1c831e66f41a9a87f5f3fa0a186ae,Banco Pichincha,ACC-000541,Holder 692ec2
ac21f615848541fd9089e3432dffe6f1,08e20910d81d42658d4334d3f6d10ac0,Banco Falabella,ACC-000542,Holder ac21f6
0467f85639cc494e99a70cdc2c43653e,08e20910d81d42658d4334d3f6d10ac0,Banco GNB,ACC-000543,Holder 0467f8
0678e785f07543f9b7f167aac362b628,08e20910d81d42658d4334d3f6d10ac0,Banco Falabella,ACC-000544,Holder 0678e7
c40155b8d3f047168c6270e5596a2744,e081e2df33a74073992c859638bdf683,Banco Pichincha,ACC-000545,Holder c40155
7595050a1b8d41bf9523db4faa982ea3,08e20910d81d42658d4334d3f6d10ac0,MiBanco,ACC-000546,Holder 759505
0fcc54ba24c348f5be846a66fafcb207,05b1c831e66f41a9a87f5f3fa0a186ae,Scotiabank Peru,ACC-000547,Holder 0fcc54
060486b6342243a2aad53583bb0ba850,08e20910d81d42658d4334d3f6d10ac0,Interbank,ACC-000548,Holder 060486
1b040a5c595f47d787f905cbf6e7072a,bed8509b67514379866e2907d72902a3,Banco Falabella,ACC-000549,Holder 1b040a
7c2e6846b8834a098b7b0f351cf20c81,08e20910d81d42658d4334d3f6d10ac0,Banco Falabella,ACC-000550,Holder 7c2e68
4364adae19fb459e99239eacbd2ebae6,08e20910d81d42658d4334d3f6d10ac0,Scotiabank Peru,ACC-000551,Holder 4364ad
96881e1373ab4618a51ce7866b4109db,08e20910d81d42658d4334d3f6d10ac0,Banco Azteca,ACC-000552,Holder 96881e
681b9c2fd38a42adbca356c4716f39d4,e3e07c00ed914f82a59c03283a178d6e,Banco Azteca,ACC-000553,Holder 681b9c
7e46923535184654983ecf1a685c0aab,08e20910d81d42658d4334d3f6d10ac0,Banco Pichincha,ACC-000554,Holder 7e4692
30eab31400c648e897f67d739c34b0cc,bed8509b67514379866e2907d72902a3,Banco Falabella,ACC-000555,Holder 30eab3
0f51964ba3774c3481540b9e1e951a63,e081e2df33a74073992c859638bdf683,MiBanco,ACC-000556,Holder 0f5196
77bb9e0dc78644cc8e049fbfa824dc83,08e20910d81d42658d4334d3f6d10ac0,Banco de Credito BCP,ACC-000557,Holder 77bb9e
e4d1700e213e4fe1a27fed3d9447646b,08e20910d81d42658d4334d3f6d10ac0,Banco Pichincha,ACC-000558,Holder e4d170
2a876b122ae14b9cb6410f3b224387a2,f4ac6fdbf26043dfabdd3315bb4d679e,Banco Pichincha,ACC-000559,Holder 2a876b
47e165b96ac745ad892acd914df85ba4,05b1c831e66f41a9a87f5f3fa0a186ae,Interbank,ACC-000560,Holder 47e165
9ea84d79d18e412c9a25947a4370bc48,05b1c831e66f41a9a87f5f3fa0a186ae,Banco Falabella,ACC-000561,Holder 9ea84d
